qiskit_dense,shp,qiskit
27,765,233
26,738,203
27,765,247
27,765,171
28,767,245
28,766,101
28,767,171
28,768,85
28,766,57
28,765,247
27,766,185
27,766,85
26,734,247
28,768,155
27,765,245
27,766,166
27,766,155
27,765,247
26,736,115
27,766,215
28,765,247
26,734,247
28,765,243
26,736,129
27,766,185
26,736,121
27,765,217
28,765,126
26,736,243
26,736,233
28,766,117
26,738,231
27,765,110
26,738,107
26,738,161
28,767,233
26,735,239
28,765,217
27,765,233
27,765,185
28,766,233
28,768,161
27,765,228
27,765,145
27,765,73
26,738,97
27,766,169
27,766,185
27,766,234
28,767,185
26,735,146
27,766,247
26,734,247
26,734,59
28,768,165
26,736,238
26,734,247
28,765,243
28,767,247
26,734,185
27,766,107
26,734,173
27,766,240
28,766,203
27,765,234
29,770,209
27,766,121
27,765,77
28,767,247
27,765,81
28,765,241
26,738,230
28,767,217
27,765,107
28,767,247
26,735,169
28,768,203
27,764,185
28,768,235
28,768,149
29,767,247
26,738,247
27,765,211
28,767,213
27,766,215
27,765,147
27,764,185
27,765,157
29,768,149
26,736,113
26,735,185
27,766,85
27,765,240
26,734,209
27,766,171
27,766,247
28,768,247
29,771,247
26,734,247
26,734,211
